0a2cfe4d-1b4b-4dbc-aed4-3710b9859758,e83f1705-34d0-4adc-a187-af02b4e5f34a#C021,e83f1705-34d0-4adc-a187-af02b4e5f34a,Chapter_Sequential,Chapter 10: Punching Above Your Weight: The Scrappy PR and Media Plan,17,18,40889,44285,873,0,chapter-10-punching-above-your-weight-the-scrappy-,"High Intent: Prioritize keywords with clear commercial or transactional intent. These 
0e678bff-4c90-44ac-8fca-3550aaa7d437,e83f1705-34d0-4adc-a187-af02b4e5f34a#C010,e83f1705-34d0-4adc-a187-af02b4e5f34a,Chapter_Sequential,Chapter 5: The Long-Tail SEO Gambit: Winning Niche Search without a Budget,8,10,19947,24912,1266,0,chapter-5-the-long-tail-seo-gambit-winning-niche-s,"crucial to the product's development.
22f6de1b-42dc-473c-87d9-94681f831391,e83f1705-34d0-4adc-a187-af02b4e5f34a#C009,e83f1705-34d0-4adc-a187-af02b4e5f34a,Chapter_Sequential,Chapter 4: Content as a Trojan Horse: Establishing Technical Authority,6,8,14893,19857,1268,0,chapter-4-content-as-a-trojan-horse-establishing-t,"Example Value Prop: ""The AI-powered compliance platform for enterprise teams. 
25617f0d-8e05-4029-a740-dd68483986e1,e83f1705-34d0-4adc-a187-af02b4e5f34a#C005,e83f1705-34d0-4adc-a187-af02b4e5f34a,CER,Addressing AI-Specific Concerns: Privacy and Ethics,4,5,9587,10582,254,132,addressing-ai-specific-concerns-privacy-and-ethics," For an AI-based 
2c25cc7d-bd62-4faf-8c17-20afa6067b08,e83f1705-34d0-4adc-a187-af02b4e5f34a#C012,e83f1705-34d0-4adc-a187-af02b4e5f34a,Instructional_Unit,Step-by-Step Niche Keyword Research Process,9,10,21609,23820,564,0,step-by-step-niche-keyword-research-process,"Free With a Clear Conversion Path: This strategy involves offering a core set of 
36a425c2-58be-4bce-b34d-ed947de23f47,e83f1705-34d0-4adc-a187-af02b4e5f34a#C008,e83f1705-34d0-4adc-a187-af02b4e5f34a,CER,Communicating Value to Justify the Cost,6,6,14316,14890,149,0,communicating-value-to-justify-the-cost,"18 
37254312-4dd8-497f-8d17-d0efc735bc2f,e83f1705-34d0-4adc-a187-af02b4e5f34a#C020,e83f1705-34d0-4adc-a187-af02b4e5f34a,Instructional_Unit,Launch Day (The 24-Hour Sprint),16,17,38729,40268,395,395,launch-day-the-24-hour-sprint,"begin exploring keyword variations. 
3b4cd842-fb6f-4a5e-a87e-cc000b44e152,e83f1705-34d0-4adc-a187-af02b4e5f34a#C016,e83f1705-34d0-4adc-a187-af02b4e5f34a,Instructional_Unit,The Hacker News 'Show HN' Playbook,13,13,30412,32251,470,470,the-hacker-news-show-hn-playbook,"■ 
473df115-074c-4f58-8f69-e776680ea420,e83f1705-34d0-4adc-a187-af02b4e5f34a#C006,e83f1705-34d0-4adc-a187-af02b4e5f34a,Chapter_Sequential,Chapter 3: Strategic Pricing and Positioning for Early Adopters,5,6,10585,14890,1113,0,chapter-3-strategic-pricing-and-positioning-for-ea,"1. 
58284082-4aaa-4344-8f52-7b1faab6793f,e83f1705-34d0-4adc-a187-af02b4e5f34a#C019,e83f1705-34d0-4adc-a187-af02b4e5f34a,Chapter_Sequential,Chapter 9: The Product Hunt Launch Blueprint,15,17,36856,40886,1037,0,chapter-9-the-product-hunt-launch-blueprint,"Attracting a Niche Audience: For a B2B SaaS product, attracting a niche audience is 
73f496ae-1941-49c6-8d51-767ccb791f31,e83f1705-34d0-4adc-a187-af02b4e5f34a#C001,e83f1705-34d0-4adc-a187-af02b4e5f34a,Chapter_Sequential,Chapter 1: The Paid-First MVP Mindset: From Minimum Viable to Minimum Valuable,1,2,0,3899,998,0,chapter-1-the-paid-first-mvp-mindset-from-minimum-,"The Guerrilla AI Launch: A Step-by-Step 
82710d3e-e08f-4f4c-8820-3b592d15b86b,e83f1705-34d0-4adc-a187-af02b4e5f34a#C011,e83f1705-34d0-4adc-a187-af02b4e5f34a,CER,The Philosophy of Long-Tail Keywords for B2B SaaS,9,9,20162,21605,367,367,the-philosophy-of-long-tail-keywords-for-b2b-saas,"Value-Based Pricing: This strategy is best suited for products that deliver a clear, 
8b5f5dea-ad7f-4db5-b48a-18b5f053817e,e83f1705-34d0-4adc-a187-af02b4e5f34a#C003,e83f1705-34d0-4adc-a187-af02b4e5f34a,Instructional_Unit,Validating the Problem and the Price Point Simultaneously,2,3,3053,5410,602,0,validating-the-problem-and-the-price-point-simulta,"For instance, an MVP for a healthcare SaaS platform might require document management, 
9c912c41-499f-43a9-bc0a-47b77dc09a88,e83f1705-34d0-4adc-a187-af02b4e5f34a#C014,e83f1705-34d0-4adc-a187-af02b4e5f34a,CER,The 'Build in Public' (BiP) Framework,11,11,25187,26237,268,268,the-build-in-public-bip-framework,"While it's important to benchmark against competitors to understand the market landscape, 
bc7e0ae4-f267-4217-9522-2a663dcd25aa,e83f1705-34d0-4adc-a187-af02b4e5f34a#C013,e83f1705-34d0-4adc-a187-af02b4e5f34a,Chapter_Sequential,Chapter 6: The Build-in-Public Flywheel: From Transparency to Trust,10,12,24914,28510,916,0,chapter-6-the-build-in-public-flywheel-from-transp," The value proposition 
c0afa77d-45b3-438b-a00e-3ddfb2f7348f,e83f1705-34d0-4adc-a187-af02b4e5f34a#C015,e83f1705-34d0-4adc-a187-af02b4e5f34a,Chapter_Sequential,Chapter 7: Mastering Niche Communities: Reddit & Hacker News Engagement,12,13,28513,32251,956,0,chapter-7-mastering-niche-communities-reddit-hacke,"Consideration Stage: Demonstrating the Solution's Efficacy
c60276d8-e523-40c1-8a4e-ff8803f86658,e83f1705-34d0-4adc-a187-af02b4e5f34a#C017,e83f1705-34d0-4adc-a187-af02b4e5f34a,Chapter_Sequential,Chapter 8: Guerrilla Marketing for the Digital Age,13,15,32338,36853,1155,0,chapter-8-guerrilla-marketing-for-the-digital-age,"Twitter.
d14095c3-241c-4869-b52e-2b83215045e5,e83f1705-34d0-4adc-a187-af02b4e5f34a#C007,e83f1705-34d0-4adc-a187-af02b4e5f34a,Instructional_Unit,Choosing Your MVP Pricing Model,5,6,11036,13313,584,584,choosing-your-mvp-pricing-model,"on"" are masterful because they are short, memorable, and focus on a high-level 
e1700290-0076-413a-b07c-3993d7e77133,e83f1705-34d0-4adc-a187-af02b4e5f34a#C002,e83f1705-34d0-4adc-a187-af02b4e5f34a,CER,The Psychology of 'Early Access' vs. 'Beta Testing',1,2,1920,2986,274,274,the-psychology-of-early-access-vs-beta-testing," Many companies make the critical error of stuffing 
e86ceb01-df87-4469-b622-94db4436a50c,e83f1705-34d0-4adc-a187-af02b4e5f34a#C004,e83f1705-34d0-4adc-a187-af02b4e5f34a,Chapter_Sequential,Chapter 2: Crafting a High-Resonance Value Proposition for AI,3,5,5413,10107,1206,0,chapter-2-crafting-a-high-resonance-value-proposit,"● 
f8d5e5f0-07e5-4dee-85ab-c9e7b64eb818,e83f1705-34d0-4adc-a187-af02b4e5f34a#C018,e83f1705-34d0-4adc-a187-af02b4e5f34a,CER,Core Principles of Digital Guerrilla Marketing,14,14,32623,33529,232,232,core-principles-of-digital-guerrilla-marketing," 
